nameID,name,job,company,street,
1,Kathleen Davis,Dealer,Morris, Owens and Lopez
2,Judy Gray,Special effects artist,Warner, Fischer and Christian
3,Ryan Johnson,Health promotion specialist,Sanchez Group
4,Lance Weiss,Product manager,Parker, Rhodes and Alvarado
5,Emily Lee,Teacher, secondary school,Johnson and Sons
6,Daniel Hernandez,Development worker, community,Lopez Inc
7,Maria Riggs,Health promotion specialist,Waller, Lopez and Long
8,Wendy Hunter,Newspaper journalist,Black and Sons
9,Amanda Lopez,Water engineer,Gonzalez, Gibbs and George
10,Jennifer Price,Fish farm manager,Stone and Sons
